Date,Date2,Year,Month,CO2
1958-03-01,1958.208,1958,3,315.71
1958-04-01,1958.292,1958,4,317.45
1958-05-01,1958.375,1958,5,317.5
1958-07-01,1958.542,1958,7,315.86
1958-08-01,1958.625,1958,8,314.93
1958-09-01,1958.708,1958,9,313.2
1958-11-01,1958.875,1958,11,313.33
1958-12-01,1958.958,1958,12,314.67
1959-01-01,1959.042,1959,1,315.62
1959-02-01,1959.125,1959,2,316.38
1959-03-01,1959.208,1959,3,316.71
1959-04-01,1959.292,1959,4,317.72
1959-05-01,1959.375,1959,5,318.29
1959-06-01,1959.458,1959,6,318.15
1959-07-01,1959.542,1959,7,316.54
1959-08-01,1959.625,1959,8,314.8
1959-09-01,1959.708,1959,9,313.84
1959-10-01,1959.792,1959,10,313.26
1959-11-01,1959.875,1959,11,314.8
1959-12-01,1959.958,1959,12,315.58
1960-01-01,1960.042,1960,1,316.43
1960-02-01,1960.125,1960,2,316.97
1960-03-01,1960.208,1960,3,317.58
1960-04-01,1960.292,1960,4,319.02
1960-05-01,1960.375,1960,5,320.03
1960-06-01,1960.458,1960,6,319.59
1960-07-01,1960.542,1960,7,318.18
1960-08-01,1960.625,1960,8,315.91
1960-09-01,1960.708,1960,9,314.16
1960-10-01,1960.792,1960,10,313.83
1960-11-01,1960.875,1960,11,315
1960-12-01,1960.958,1960,12,316.19
1961-01-01,1961.042,1961,1,316.93
1961-02-01,1961.125,1961,2,317.7
1961-03-01,1961.208,1961,3,318.54
1961-04-01,1961.292,1961,4,319.48
1961-05-01,1961.375,1961,5,320.58
1961-06-01,1961.458,1961,6,319.77
1961-07-01,1961.542,1961,7,318.57
1961-08-01,1961.625,1961,8,316.79
1961-09-01,1961.708,1961,9,314.8
1961-10-01,1961.792,1961,10,315.38
1961-11-01,1961.875,1961,11,316.1
1961-12-01,1961.958,1961,12,317.01
1962-01-01,1962.042,1962,1,317.94
1962-02-01,1962.125,1962,2,318.56
1962-03-01,1962.208,1962,3,319.68
1962-04-01,1962.292,1962,4,320.63
1962-05-01,1962.375,1962,5,321.01
1962-06-01,1962.458,1962,6,320.55
1962-07-01,1962.542,1962,7,319.58
1962-08-01,1962.625,1962,8,317.4
1962-09-01,1962.708,1962,9,316.26
1962-10-01,1962.792,1962,10,315.42
1962-11-01,1962.875,1962,11,316.69
1962-12-01,1962.958,1962,12,317.69
1963-01-01,1963.042,1963,1,318.74
1963-02-01,1963.125,1963,2,319.08
1963-03-01,1963.208,1963,3,319.86
1963-04-01,1963.292,1963,4,321.39
1963-05-01,1963.375,1963,5,322.25
1963-06-01,1963.458,1963,6,321.47
1963-07-01,1963.542,1963,7,319.74
1963-08-01,1963.625,1963,8,317.77
1963-09-01,1963.708,1963,9,316.21
1963-10-01,1963.792,1963,10,315.99
1963-11-01,1963.875,1963,11,317.12
1963-12-01,1963.958,1963,12,318.31
1964-01-01,1964.042,1964,1,319.57
1964-05-01,1964.375,1964,5,322.25
1964-06-01,1964.458,1964,6,321.89
1964-07-01,1964.542,1964,7,320.44
1964-08-01,1964.625,1964,8,318.7
1964-09-01,1964.708,1964,9,316.7
1964-10-01,1964.792,1964,10,316.79
1964-11-01,1964.875,1964,11,317.79
1964-12-01,1964.958,1964,12,318.71
1965-01-01,1965.042,1965,1,319.44
1965-02-01,1965.125,1965,2,320.44
1965-03-01,1965.208,1965,3,320.89
1965-04-01,1965.292,1965,4,322.13
1965-05-01,1965.375,1965,5,322.16
1965-06-01,1965.458,1965,6,321.87
1965-07-01,1965.542,1965,7,321.39
1965-08-01,1965.625,1965,8,318.81
1965-09-01,1965.708,1965,9,317.81
1965-10-01,1965.792,1965,10,317.3
1965-11-01,1965.875,1965,11,318.87
1965-12-01,1965.958,1965,12,319.42
1966-01-01,1966.042,1966,1,320.62
1966-02-01,1966.125,1966,2,321.59
1966-03-01,1966.208,1966,3,322.39
1966-04-01,1966.292,1966,4,323.87
1966-05-01,1966.375,1966,5,324.01
1966-06-01,1966.458,1966,6,323.75
1966-07-01,1966.542,1966,7,322.39
1966-08-01,1966.625,1966,8,320.37
1966-09-01,1966.708,1966,9,318.64
1966-10-01,1966.792,1966,10,318.1
1966-11-01,1966.875,1966,11,319.79
1966-12-01,1966.958,1966,12,321.08
1967-01-01,1967.042,1967,1,322.07
1967-02-01,1967.125,1967,2,322.5
1967-03-01,1967.208,1967,3,323.04
1967-04-01,1967.292,1967,4,324.42
1967-05-01,1967.375,1967,5,325
1967-06-01,1967.458,1967,6,324.09
1967-07-01,1967.542,1967,7,322.55
1967-08-01,1967.625,1967,8,320.92
1967-09-01,1967.708,1967,9,319.31
1967-10-01,1967.792,1967,10,319.31
1967-11-01,1967.875,1967,11,320.72
1967-12-01,1967.958,1967,12,321.96
1968-01-01,1968.042,1968,1,322.57
1968-02-01,1968.125,1968,2,323.15
1968-03-01,1968.208,1968,3,323.89
1968-04-01,1968.292,1968,4,325.02
1968-05-01,1968.375,1968,5,325.57
1968-06-01,1968.458,1968,6,325.36
1968-07-01,1968.542,1968,7,324.14
1968-08-01,1968.625,1968,8,322.03
1968-09-01,1968.708,1968,9,320.41
1968-10-01,1968.792,1968,10,320.25
1968-11-01,1968.875,1968,11,321.31
1968-12-01,1968.958,1968,12,322.84
1969-01-01,1969.042,1969,1,324
1969-02-01,1969.125,1969,2,324.42
1969-03-01,1969.208,1969,3,325.64
1969-04-01,1969.292,1969,4,326.66
1969-05-01,1969.375,1969,5,327.34
1969-06-01,1969.458,1969,6,326.76
1969-07-01,1969.542,1969,7,325.88
1969-08-01,1969.625,1969,8,323.67
1969-09-01,1969.708,1969,9,322.38
1969-10-01,1969.792,1969,10,321.78
1969-11-01,1969.875,1969,11,322.85
1969-12-01,1969.958,1969,12,324.11
1970-01-01,1970.042,1970,1,325.03
1970-02-01,1970.125,1970,2,325.99
1970-03-01,1970.208,1970,3,326.87
1970-04-01,1970.292,1970,4,328.13
1970-05-01,1970.375,1970,5,328.07
1970-06-01,1970.458,1970,6,327.66
1970-07-01,1970.542,1970,7,326.35
1970-08-01,1970.625,1970,8,324.69
1970-09-01,1970.708,1970,9,323.1
1970-10-01,1970.792,1970,10,323.16
1970-11-01,1970.875,1970,11,323.98
1970-12-01,1970.958,1970,12,325.13
1971-01-01,1971.042,1971,1,326.17
1971-02-01,1971.125,1971,2,326.68
1971-03-01,1971.208,1971,3,327.18
1971-04-01,1971.292,1971,4,327.78
1971-05-01,1971.375,1971,5,328.92
1971-06-01,1971.458,1971,6,328.57
1971-07-01,1971.542,1971,7,327.34
1971-08-01,1971.625,1971,8,325.46
1971-09-01,1971.708,1971,9,323.36
1971-10-01,1971.792,1971,10,323.57
1971-11-01,1971.875,1971,11,324.8
1971-12-01,1971.958,1971,12,326.01
1972-01-01,1972.042,1972,1,326.77
1972-02-01,1972.125,1972,2,327.63
1972-03-01,1972.208,1972,3,327.75
1972-04-01,1972.292,1972,4,329.72
1972-05-01,1972.375,1972,5,330.07
1972-06-01,1972.458,1972,6,329.09
1972-07-01,1972.542,1972,7,328.05
1972-08-01,1972.625,1972,8,326.32
1972-09-01,1972.708,1972,9,324.93
1972-10-01,1972.792,1972,10,325.06
1972-11-01,1972.875,1972,11,326.5
1972-12-01,1972.958,1972,12,327.55
1973-01-01,1973.042,1973,1,328.54
1973-02-01,1973.125,1973,2,329.56
1973-03-01,1973.208,1973,3,330.3
1973-04-01,1973.292,1973,4,331.5
1973-05-01,1973.375,1973,5,332.48
1973-06-01,1973.458,1973,6,332.07
1973-07-01,1973.542,1973,7,330.87
1973-08-01,1973.625,1973,8,329.31
1973-09-01,1973.708,1973,9,327.51
1973-10-01,1973.792,1973,10,327.18
1973-11-01,1973.875,1973,11,328.16
1973-12-01,1973.958,1973,12,328.64
1974-01-01,1974.042,1974,1,329.35
1974-02-01,1974.125,1974,2,330.71
1974-03-01,1974.208,1974,3,331.48
1974-04-01,1974.292,1974,4,332.65
1974-05-01,1974.375,1974,5,333.19
1974-06-01,1974.458,1974,6,332.16
1974-07-01,1974.542,1974,7,331.07
1974-08-01,1974.625,1974,8,329.12
1974-09-01,1974.708,1974,9,327.32
1974-10-01,1974.792,1974,10,327.28
1974-11-01,1974.875,1974,11,328.3
1974-12-01,1974.958,1974,12,329.58
1975-01-01,1975.042,1975,1,330.73
1975-02-01,1975.125,1975,2,331.46
1975-03-01,1975.208,1975,3,331.9
1975-04-01,1975.292,1975,4,333.17
1975-05-01,1975.375,1975,5,333.94
1975-06-01,1975.458,1975,6,333.45
1975-07-01,1975.542,1975,7,331.97
1975-08-01,1975.625,1975,8,329.95
1975-09-01,1975.708,1975,9,328.5
1975-10-01,1975.792,1975,10,328.34
1975-11-01,1975.875,1975,11,329.37
1976-01-01,1976.042,1976,1,331.59
1976-02-01,1976.125,1976,2,332.75
1976-03-01,1976.208,1976,3,333.52
1976-04-01,1976.292,1976,4,334.64
1976-05-01,1976.375,1976,5,334.77
1976-06-01,1976.458,1976,6,334
1976-07-01,1976.542,1976,7,333.06
1976-08-01,1976.625,1976,8,330.68
1976-09-01,1976.708,1976,9,328.95
1976-10-01,1976.792,1976,10,328.75
1976-11-01,1976.875,1976,11,330.15
1976-12-01,1976.958,1976,12,331.62
1977-01-01,1977.042,1977,1,332.66
1977-02-01,1977.125,1977,2,333.13
1977-03-01,1977.208,1977,3,334.95
1977-04-01,1977.292,1977,4,336.13
1977-05-01,1977.375,1977,5,336.93
1977-06-01,1977.458,1977,6,336.17
1977-07-01,1977.542,1977,7,334.88
1977-08-01,1977.625,1977,8,332.56
1977-09-01,1977.708,1977,9,331.29
1977-10-01,1977.792,1977,10,331.27
1977-11-01,1977.875,1977,11,332.41
1977-12-01,1977.958,1977,12,333.6
1978-01-01,1978.042,1978,1,334.95
1978-02-01,1978.125,1978,2,335.25
1978-03-01,1978.208,1978,3,336.66
1978-04-01,1978.292,1978,4,337.69
1978-05-01,1978.375,1978,5,338.03
1978-06-01,1978.458,1978,6,338.01
1978-07-01,1978.542,1978,7,336.41
1978-08-01,1978.625,1978,8,334.41
1978-09-01,1978.708,1978,9,332.37
1978-10-01,1978.792,1978,10,332.41
1978-11-01,1978.875,1978,11,333.75
1978-12-01,1978.958,1978,12,334.9
1979-01-01,1979.042,1979,1,336.14
1979-02-01,1979.125,1979,2,336.69
1979-03-01,1979.208,1979,3,338.27
1979-04-01,1979.292,1979,4,338.95
1979-05-01,1979.375,1979,5,339.21
1979-06-01,1979.458,1979,6,339.26
1979-07-01,1979.542,1979,7,337.54
1979-08-01,1979.625,1979,8,335.75
1979-09-01,1979.708,1979,9,333.98
1979-10-01,1979.792,1979,10,334.19
1979-11-01,1979.875,1979,11,335.31
1979-12-01,1979.958,1979,12,336.81
1980-01-01,1980.042,1980,1,337.9
1980-02-01,1980.125,1980,2,338.34
1980-03-01,1980.208,1980,3,340.01
1980-04-01,1980.292,1980,4,340.93
1980-05-01,1980.375,1980,5,341.48
1980-06-01,1980.458,1980,6,341.33
1980-07-01,1980.542,1980,7,339.4
1980-08-01,1980.625,1980,8,337.7
1980-09-01,1980.708,1980,9,336.19
1980-10-01,1980.792,1980,10,336.15
1980-11-01,1980.875,1980,11,337.27
1980-12-01,1980.958,1980,12,338.32
1981-01-01,1981.042,1981,1,339.29
1981-02-01,1981.125,1981,2,340.55
1981-03-01,1981.208,1981,3,341.61
1981-04-01,1981.292,1981,4,342.53
1981-05-01,1981.375,1981,5,343.03
1981-06-01,1981.458,1981,6,342.54
1981-07-01,1981.542,1981,7,340.78
1981-08-01,1981.625,1981,8,338.44
1981-09-01,1981.708,1981,9,336.95
1981-10-01,1981.792,1981,10,337.08
1981-11-01,1981.875,1981,11,338.58
1981-12-01,1981.958,1981,12,339.88
1982-01-01,1982.042,1982,1,340.96
1982-02-01,1982.125,1982,2,341.73
1982-03-01,1982.208,1982,3,342.81
1982-04-01,1982.292,1982,4,343.97
1982-05-01,1982.375,1982,5,344.63
1982-06-01,1982.458,1982,6,343.79
1982-07-01,1982.542,1982,7,342.32
1982-08-01,1982.625,1982,8,340.09
1982-09-01,1982.708,1982,9,338.28
1982-10-01,1982.792,1982,10,338.29
1982-11-01,1982.875,1982,11,339.6
1982-12-01,1982.958,1982,12,340.9
1983-01-01,1983.042,1983,1,341.68
1983-02-01,1983.125,1983,2,342.9
1983-03-01,1983.208,1983,3,343.33
1983-04-01,1983.292,1983,4,345.25
1983-05-01,1983.375,1983,5,346.03
1983-06-01,1983.458,1983,6,345.63
1983-07-01,1983.542,1983,7,344.19
1983-08-01,1983.625,1983,8,342.27
1983-09-01,1983.708,1983,9,340.35
1983-10-01,1983.792,1983,10,340.38
1983-11-01,1983.875,1983,11,341.59
1983-12-01,1983.958,1983,12,343.05
1984-01-01,1984.042,1984,1,344.1
1984-02-01,1984.125,1984,2,344.79
1984-03-01,1984.208,1984,3,345.52
1984-05-01,1984.375,1984,5,347.63
1984-06-01,1984.458,1984,6,346.98
1984-07-01,1984.542,1984,7,345.53
1984-08-01,1984.625,1984,8,343.55
1984-09-01,1984.708,1984,9,341.4
1984-10-01,1984.792,1984,10,341.67
1984-11-01,1984.875,1984,11,343.1
1984-12-01,1984.958,1984,12,344.7
1985-01-01,1985.042,1985,1,345.21
1985-02-01,1985.125,1985,2,346.16
1985-03-01,1985.208,1985,3,347.74
1985-04-01,1985.292,1985,4,348.34
1985-05-01,1985.375,1985,5,349.06
1985-06-01,1985.458,1985,6,348.38
1985-07-01,1985.542,1985,7,346.71
1985-08-01,1985.625,1985,8,345.02
1985-09-01,1985.708,1985,9,343.27
1985-10-01,1985.792,1985,10,343.13
1985-11-01,1985.875,1985,11,344.49
1985-12-01,1985.958,1985,12,345.88
1986-01-01,1986.042,1986,1,346.56
1986-02-01,1986.125,1986,2,347.28
1986-03-01,1986.208,1986,3,348.01
1986-04-01,1986.292,1986,4,349.77
1986-05-01,1986.375,1986,5,350.38
1986-06-01,1986.458,1986,6,349.93
1986-07-01,1986.542,1986,7,348.16
1986-08-01,1986.625,1986,8,346.08
1986-09-01,1986.708,1986,9,345.22
1986-10-01,1986.792,1986,10,344.51
1986-11-01,1986.875,1986,11,345.93
1986-12-01,1986.958,1986,12,347.22
1987-01-01,1987.042,1987,1,348.52
1987-02-01,1987.125,1987,2,348.73
1987-03-01,1987.208,1987,3,349.73
1987-04-01,1987.292,1987,4,351.31
1987-05-01,1987.375,1987,5,352.09
1987-06-01,1987.458,1987,6,351.53
1987-07-01,1987.542,1987,7,350.11
1987-08-01,1987.625,1987,8,348.08
1987-09-01,1987.708,1987,9,346.52
1987-10-01,1987.792,1987,10,346.59
1987-11-01,1987.875,1987,11,347.96
1987-12-01,1987.958,1987,12,349.16
1988-01-01,1988.042,1988,1,350.39
1988-02-01,1988.125,1988,2,351.64
1988-03-01,1988.208,1988,3,352.4
1988-04-01,1988.292,1988,4,353.69
1988-05-01,1988.375,1988,5,354.21
1988-06-01,1988.458,1988,6,353.72
1988-07-01,1988.542,1988,7,352.69
1988-08-01,1988.625,1988,8,350.4
1988-09-01,1988.708,1988,9,348.92
1988-10-01,1988.792,1988,10,349.12
1988-11-01,1988.875,1988,11,350.2
1988-12-01,1988.958,1988,12,351.41
1989-01-01,1989.042,1989,1,352.91
1989-02-01,1989.125,1989,2,353.27
1989-03-01,1989.208,1989,3,353.96
1989-04-01,1989.292,1989,4,355.64
1989-05-01,1989.375,1989,5,355.86
1989-06-01,1989.458,1989,6,355.37
1989-07-01,1989.542,1989,7,353.99
1989-08-01,1989.625,1989,8,351.81
1989-09-01,1989.708,1989,9,350.05
1989-10-01,1989.792,1989,10,350.25
1989-11-01,1989.875,1989,11,351.49
1989-12-01,1989.958,1989,12,352.85
1990-01-01,1990.042,1990,1,353.8
1990-02-01,1990.125,1990,2,355.04
1990-03-01,1990.208,1990,3,355.73
1990-04-01,1990.292,1990,4,356.32
1990-05-01,1990.375,1990,5,357.32
1990-06-01,1990.458,1990,6,356.34
1990-07-01,1990.542,1990,7,354.84
1990-08-01,1990.625,1990,8,353.01
1990-09-01,1990.708,1990,9,351.31
1990-10-01,1990.792,1990,10,351.62
1990-11-01,1990.875,1990,11,353.07
1990-12-01,1990.958,1990,12,354.33
1991-01-01,1991.042,1991,1,354.84
1991-02-01,1991.125,1991,2,355.73
1991-03-01,1991.208,1991,3,357.23
1991-04-01,1991.292,1991,4,358.66
1991-05-01,1991.375,1991,5,359.13
1991-06-01,1991.458,1991,6,358.13
1991-07-01,1991.542,1991,7,356.19
1991-08-01,1991.625,1991,8,353.85
1991-09-01,1991.708,1991,9,352.25
1991-10-01,1991.792,1991,10,352.35
1991-11-01,1991.875,1991,11,353.81
1991-12-01,1991.958,1991,12,355.12
1992-01-01,1992.042,1992,1,356.25
1992-02-01,1992.125,1992,2,357.11
1992-03-01,1992.208,1992,3,357.86
1992-04-01,1992.292,1992,4,359.09
1992-05-01,1992.375,1992,5,359.59
1992-06-01,1992.458,1992,6,359.33
1992-07-01,1992.542,1992,7,357.01
1992-08-01,1992.625,1992,8,354.94
1992-09-01,1992.708,1992,9,352.96
1992-10-01,1992.792,1992,10,353.32
1992-11-01,1992.875,1992,11,354.32
1992-12-01,1992.958,1992,12,355.57
1993-01-01,1993.042,1993,1,357
1993-02-01,1993.125,1993,2,357.31
1993-03-01,1993.208,1993,3,358.47
1993-04-01,1993.292,1993,4,359.27
1993-05-01,1993.375,1993,5,360.19
1993-06-01,1993.458,1993,6,359.52
1993-07-01,1993.542,1993,7,357.33
1993-08-01,1993.625,1993,8,355.64
1993-09-01,1993.708,1993,9,354.03
1993-10-01,1993.792,1993,10,354.12
1993-11-01,1993.875,1993,11,355.41
1993-12-01,1993.958,1993,12,356.91
1994-01-01,1994.042,1994,1,358.24
1994-02-01,1994.125,1994,2,358.92
1994-03-01,1994.208,1994,3,359.99
1994-04-01,1994.292,1994,4,361.23
1994-05-01,1994.375,1994,5,361.65
1994-06-01,1994.458,1994,6,360.81
1994-07-01,1994.542,1994,7,359.38
1994-08-01,1994.625,1994,8,357.46
1994-09-01,1994.708,1994,9,355.73
1994-10-01,1994.792,1994,10,356.08
1994-11-01,1994.875,1994,11,357.53
1994-12-01,1994.958,1994,12,358.98
1995-01-01,1995.042,1995,1,359.92
1995-02-01,1995.125,1995,2,360.86
1995-03-01,1995.208,1995,3,361.83
1995-04-01,1995.292,1995,4,363.3
1995-05-01,1995.375,1995,5,363.69
1995-06-01,1995.458,1995,6,363.19
1995-07-01,1995.542,1995,7,361.64
1995-08-01,1995.625,1995,8,359.12
1995-09-01,1995.708,1995,9,358.17
1995-10-01,1995.792,1995,10,357.99
1995-11-01,1995.875,1995,11,359.45
1995-12-01,1995.958,1995,12,360.68
1996-01-01,1996.042,1996,1,362.07
1996-02-01,1996.125,1996,2,363.24
1996-03-01,1996.208,1996,3,364.17
1996-04-01,1996.292,1996,4,364.57
1996-05-01,1996.375,1996,5,365.13
1996-06-01,1996.458,1996,6,364.92
1996-07-01,1996.542,1996,7,363.55
1996-08-01,1996.625,1996,8,361.38
1996-09-01,1996.708,1996,9,359.54
1996-10-01,1996.792,1996,10,359.58
1996-11-01,1996.875,1996,11,360.89
1996-12-01,1996.958,1996,12,362.24
1997-01-01,1997.042,1997,1,363.09
1997-02-01,1997.125,1997,2,364.03
1997-03-01,1997.208,1997,3,364.51
1997-04-01,1997.292,1997,4,366.35
1997-05-01,1997.375,1997,5,366.64
1997-06-01,1997.458,1997,6,365.59
1997-07-01,1997.542,1997,7,364.31
1997-08-01,1997.625,1997,8,362.25
1997-09-01,1997.708,1997,9,360.29
1997-10-01,1997.792,1997,10,360.82
1997-11-01,1997.875,1997,11,362.49
1997-12-01,1997.958,1997,12,364.38
1998-01-01,1998.042,1998,1,365.27
1998-02-01,1998.125,1998,2,365.98
1998-03-01,1998.208,1998,3,367.24
1998-04-01,1998.292,1998,4,368.66
1998-05-01,1998.375,1998,5,369.42
1998-06-01,1998.458,1998,6,368.99
1998-07-01,1998.542,1998,7,367.82
1998-08-01,1998.625,1998,8,365.95
1998-09-01,1998.708,1998,9,364.02
1998-10-01,1998.792,1998,10,364.4
1998-11-01,1998.875,1998,11,365.52
1998-12-01,1998.958,1998,12,367.13
1999-01-01,1999.042,1999,1,368.18
1999-02-01,1999.125,1999,2,369.07
1999-03-01,1999.208,1999,3,369.68
1999-04-01,1999.292,1999,4,370.99
1999-05-01,1999.375,1999,5,370.96
1999-06-01,1999.458,1999,6,370.3
1999-07-01,1999.542,1999,7,369.45
1999-08-01,1999.625,1999,8,366.9
1999-09-01,1999.708,1999,9,364.81
1999-10-01,1999.792,1999,10,365.37
1999-11-01,1999.875,1999,11,366.72
1999-12-01,1999.958,1999,12,368.1
2000-01-01,2000.042,2000,1,369.29
2000-02-01,2000.125,2000,2,369.54
2000-03-01,2000.208,2000,3,370.6
2000-04-01,2000.292,2000,4,371.82
2000-05-01,2000.375,2000,5,371.58
2000-06-01,2000.458,2000,6,371.7
2000-07-01,2000.542,2000,7,369.86
2000-08-01,2000.625,2000,8,368.13
2000-09-01,2000.708,2000,9,367
2000-10-01,2000.792,2000,10,367.03
2000-11-01,2000.875,2000,11,368.37
2000-12-01,2000.958,2000,12,369.67
2001-01-01,2001.042,2001,1,370.59
2001-02-01,2001.125,2001,2,371.51
2001-03-01,2001.208,2001,3,372.43
2001-04-01,2001.292,2001,4,373.37
2001-05-01,2001.375,2001,5,373.85
2001-06-01,2001.458,2001,6,373.22
2001-07-01,2001.542,2001,7,371.5
2001-08-01,2001.625,2001,8,369.61
2001-09-01,2001.708,2001,9,368.18
2001-10-01,2001.792,2001,10,368.45
2001-11-01,2001.875,2001,11,369.76
2001-12-01,2001.958,2001,12,371.24
2002-01-01,2002.042,2002,1,372.53
2002-02-01,2002.125,2002,2,373.2
2002-03-01,2002.208,2002,3,374.12
2002-04-01,2002.292,2002,4,375.02
2002-05-01,2002.375,2002,5,375.76
2002-06-01,2002.458,2002,6,375.52
2002-07-01,2002.542,2002,7,374.01
2002-08-01,2002.625,2002,8,371.85
2002-09-01,2002.708,2002,9,370.75
2002-10-01,2002.792,2002,10,370.55
2002-11-01,2002.875,2002,11,372.25
2002-12-01,2002.958,2002,12,373.79
2003-01-01,2003.042,2003,1,374.88
2003-02-01,2003.125,2003,2,375.64
2003-03-01,2003.208,2003,3,376.45
2003-04-01,2003.292,2003,4,377.73
2003-05-01,2003.375,2003,5,378.6
2003-06-01,2003.458,2003,6,378.28
2003-07-01,2003.542,2003,7,376.7
2003-08-01,2003.625,2003,8,374.38
2003-09-01,2003.708,2003,9,373.17
2003-10-01,2003.792,2003,10,373.15
2003-11-01,2003.875,2003,11,374.66
2003-12-01,2003.958,2003,12,375.99
2004-01-01,2004.042,2004,1,377
2004-02-01,2004.125,2004,2,377.87
2004-03-01,2004.208,2004,3,378.88
2004-04-01,2004.292,2004,4,380.35
2004-05-01,2004.375,2004,5,380.62
2004-06-01,2004.458,2004,6,379.69
2004-07-01,2004.542,2004,7,377.47
2004-08-01,2004.625,2004,8,376.01
2004-09-01,2004.708,2004,9,374.25
2004-10-01,2004.792,2004,10,374.46
2004-11-01,2004.875,2004,11,376.16
2004-12-01,2004.958,2004,12,377.51
2005-01-01,2005.042,2005,1,378.46
2005-02-01,2005.125,2005,2,379.73
2005-03-01,2005.208,2005,3,380.77
2005-04-01,2005.292,2005,4,382.29
2005-05-01,2005.375,2005,5,382.45
2005-06-01,2005.458,2005,6,382.21
2005-07-01,2005.542,2005,7,380.74
2005-08-01,2005.625,2005,8,378.74
2005-09-01,2005.708,2005,9,376.7
2005-10-01,2005.792,2005,10,377
2005-11-01,2005.875,2005,11,378.35
2005-12-01,2005.958,2005,12,380.11
2006-01-01,2006.042,2006,1,381.38
2006-02-01,2006.125,2006,2,382.19
2006-03-01,2006.208,2006,3,382.67
2006-04-01,2006.292,2006,4,384.61
2006-05-01,2006.375,2006,5,385.03
2006-06-01,2006.458,2006,6,384.05
2006-07-01,2006.542,2006,7,382.46
2006-08-01,2006.625,2006,8,380.41
2006-09-01,2006.708,2006,9,378.85
2006-10-01,2006.792,2006,10,379.13
2006-11-01,2006.875,2006,11,380.15
2006-12-01,2006.958,2006,12,381.82
2007-01-01,2007.042,2007,1,382.89
2007-02-01,2007.125,2007,2,383.9
2007-03-01,2007.208,2007,3,384.58
2007-04-01,2007.292,2007,4,386.5
2007-05-01,2007.375,2007,5,386.56
2007-06-01,2007.458,2007,6,386.1
2007-07-01,2007.542,2007,7,384.5
2007-08-01,2007.625,2007,8,381.99
2007-09-01,2007.708,2007,9,380.96
2007-10-01,2007.792,2007,10,381.12
2007-11-01,2007.875,2007,11,382.45
2007-12-01,2007.958,2007,12,383.95
2008-01-01,2008.042,2008,1,385.52
2008-02-01,2008.125,2008,2,385.82
2008-03-01,2008.208,2008,3,386.03
2008-04-01,2008.292,2008,4,387.21
2008-05-01,2008.375,2008,5,388.54
2008-06-01,2008.458,2008,6,387.76
2008-07-01,2008.542,2008,7,386.36
2008-08-01,2008.625,2008,8,384.09
2008-09-01,2008.708,2008,9,383.18
2008-10-01,2008.792,2008,10,382.99
2008-11-01,2008.875,2008,11,384.19
2008-12-01,2008.958,2008,12,385.56
2009-01-01,2009.042,2009,1,386.94
2009-02-01,2009.125,2009,2,387.48
2009-03-01,2009.208,2009,3,388.82
2009-04-01,2009.292,2009,4,389.55
2009-05-01,2009.375,2009,5,390.14
2009-06-01,2009.458,2009,6,389.48
2009-07-01,2009.542,2009,7,388.03
2009-08-01,2009.625,2009,8,386.11
2009-09-01,2009.708,2009,9,384.74
2009-10-01,2009.792,2009,10,384.43
2009-11-01,2009.875,2009,11,386.02
2009-12-01,2009.958,2009,12,387.42
2010-01-01,2010.042,2010,1,388.71
2010-02-01,2010.125,2010,2,390.2
2010-03-01,2010.208,2010,3,391.17
2010-04-01,2010.292,2010,4,392.46
2010-05-01,2010.375,2010,5,393
2010-06-01,2010.458,2010,6,392.15
2010-07-01,2010.542,2010,7,390.2
2010-08-01,2010.625,2010,8,388.35
2010-09-01,2010.708,2010,9,386.85
2010-10-01,2010.792,2010,10,387.24
2010-11-01,2010.875,2010,11,388.67
2010-12-01,2010.958,2010,12,389.79
2011-01-01,2011.042,2011,1,391.33
2011-02-01,2011.125,2011,2,391.86
2011-03-01,2011.208,2011,3,392.6
2011-04-01,2011.292,2011,4,393.25
2011-05-01,2011.375,2011,5,394.19
2011-06-01,2011.458,2011,6,393.74
2011-07-01,2011.542,2011,7,392.51
2011-08-01,2011.625,2011,8,390.13
2011-09-01,2011.708,2011,9,389.08
2011-10-01,2011.792,2011,10,389
2011-11-01,2011.875,2011,11,390.28
2011-12-01,2011.958,2011,12,391.86
2012-01-01,2012.042,2012,1,393.12
2012-02-01,2012.125,2012,2,393.86
2012-03-01,2012.208,2012,3,394.4
2012-04-01,2012.292,2012,4,396.18
2012-05-01,2012.375,2012,5,396.74
2012-06-01,2012.458,2012,6,395.71
2012-07-01,2012.542,2012,7,394.36
2012-08-01,2012.625,2012,8,392.39
2012-09-01,2012.708,2012,9,391.11
2012-10-01,2012.792,2012,10,391.05
2012-11-01,2012.875,2012,11,392.98
2012-12-01,2012.958,2012,12,394.34
2013-01-01,2013.042,2013,1,395.55
2013-02-01,2013.125,2013,2,396.8
2013-03-01,2013.208,2013,3,397.43
2013-04-01,2013.292,2013,4,398.41
2013-05-01,2013.375,2013,5,399.78
2013-06-01,2013.458,2013,6,398.61
2013-07-01,2013.542,2013,7,397.32
2013-08-01,2013.625,2013,8,395.2
2013-09-01,2013.708,2013,9,393.45
2013-10-01,2013.792,2013,10,393.7
2013-11-01,2013.875,2013,11,395.16
2013-12-01,2013.958,2013,12,396.84
2014-01-01,2014.042,2014,1,397.85
2014-02-01,2014.125,2014,2,398.01
2014-03-01,2014.208,2014,3,399.77
2014-04-01,2014.292,2014,4,401.38
2014-05-01,2014.375,2014,5,401.78
2014-06-01,2014.458,2014,6,401.25
2014-07-01,2014.542,2014,7,399.1
2014-08-01,2014.625,2014,8,397.03
2014-09-01,2014.708,2014,9,395.38
2014-10-01,2014.792,2014,10,396.03
2014-11-01,2014.875,2014,11,397.28
2014-12-01,2014.958,2014,12,398.91
2015-01-01,2015.042,2015,1,399.98
2015-02-01,2015.125,2015,2,400.28
2015-03-01,2015.208,2015,3,401.54
2015-04-01,2015.292,2015,4,403.28
2015-05-01,2015.375,2015,5,403.96
2015-06-01,2015.458,2015,6,402.8
2015-07-01,2015.542,2015,7,401.31
2015-08-01,2015.625,2015,8,398.93
2015-09-01,2015.708,2015,9,397.63
2015-10-01,2015.792,2015,10,398.29
2015-11-01,2015.875,2015,11,400.16
2015-12-01,2015.958,2015,12,401.85
2016-01-01,2016.042,2016,1,402.56
2016-02-01,2016.125,2016,2,404.12
2016-03-01,2016.208,2016,3,404.87
2016-04-01,2016.292,2016,4,407.45
2016-05-01,2016.375,2016,5,407.72
2016-06-01,2016.458,2016,6,406.83
2016-07-01,2016.542,2016,7,404.41
2016-08-01,2016.625,2016,8,402.27
2016-09-01,2016.708,2016,9,401.05
2016-10-01,2016.792,2016,10,401.59
2016-11-01,2016.875,2016,11,403.55
2016-12-01,2016.958,2016,12,404.45
2017-01-01,2017.042,2017,1,406.17
2017-02-01,2017.125,2017,2,406.46
2017-03-01,2017.208,2017,3,407.22
2017-04-01,2017.292,2017,4,409.04
2017-05-01,2017.375,2017,5,409.69
2017-06-01,2017.458,2017,6,408.88
2017-07-01,2017.542,2017,7,407.12
2017-08-01,2017.625,2017,8,405.13
2017-09-01,2017.708,2017,9,403.37
2017-10-01,2017.792,2017,10,403.63
2017-11-01,2017.875,2017,11,405.12
2017-12-01,2017.958,2017,12,406.81
2018-01-01,2018.042,2018,1,407.96
2018-02-01,2018.125,2018,2,408.32
2018-03-01,2018.208,2018,3,409.41
2018-04-01,2018.292,2018,4,410.24
2018-05-01,2018.375,2018,5,411.24
2018-06-01,2018.458,2018,6,410.79
2018-07-01,2018.542,2018,7,408.71
2018-08-01,2018.625,2018,8,406.99
2018-09-01,2018.708,2018,9,405.51
2018-10-01,2018.792,2018,10,406
2018-11-01,2018.875,2018,11,408.02
2018-12-01,2018.958,2018,12,409.07
2019-01-01,2019.042,2019,1,410.83
2019-02-01,2019.125,2019,2,411.75
2019-03-01,2019.208,2019,3,411.97
2019-04-01,2019.292,2019,4,413.32
2019-05-01,2019.375,2019,5,414.66
2019-06-01,2019.458,2019,6,413.92
2019-07-01,2019.542,2019,7,411.77
